{
  "id": "",
  "name": "",
  "font_family": "iconfont",
  "css_prefix_text": "icon-",
  "description": "",
  "glyphs": [
    {
      "icon_id": "145426",
      "name": "飞机场",
      "font_class": "feijichang",
      "unicode": "e623",
      "unicode_decimal": 58915
    },
    {
      "icon_id": "145459",
      "name": "游戏",
      "font_class": "youxi",
      "unicode": "e643",
      "unicode_decimal": 58947
    },
    {
      "icon_id": "624530",
      "name": "购物车",
      "font_class": "gouwuche",
      "unicode": "e63f",
      "unicode_decimal": 58943
    },
    {
      "icon_id": "658027",
      "name": "火车",
      "font_class": "huoche",
      "unicode": "e65a",
      "unicode_decimal": 58970
    },
    {
      "icon_id": "666888",
      "name": "手机",
      "font_class": "shouji",
      "unicode": "e692",
      "unicode_decimal": 59026
    },
    {
      "icon_id": "1472516",
      "name": "搜索",
      "font_class": "sousuo",
      "unicode": "e62c",
      "unicode_decimal": 58924
    },
    {
      "icon_id": "5911661",
      "name": "彩票",
      "font_class": "caipiao",
      "unicode": "e625",
      "unicode_decimal": 58917
    },
    {
      "icon_id": "11372654",
      "name": "电影",
      "font_class": "dianying",
      "unicode": "e8ae",
      "unicode_decimal": 59566
    },
    {
      "icon_id": "11372701",
      "name": "收藏",
      "font_class": "shoucang",
      "unicode": "e8b9",
      "unicode_decimal": 59577
    },
    {
      "icon_id": "11372777",
      "name": "收藏",
      "font_class": "shoucang1",
      "unicode": "e8c6",
      "unicode_decimal": 59590
    }
  ]
}
